{"cameraMode":{"drawMode":0,"name":"Shaded","section":"Shading Mode"},"sceneLighting":true,"audioPlay":false,"sceneViewState":{"m_AlwaysRefresh":false,"showFog":true,"showSkybox":true,"showFlares":true,"showImageEffects":true,"showParticleSystems":true,"showVisualEffectGraphs":true,"m_FxEnabled":true},"in2DMode":false,"pivot":{"x":0.23796187341213227,"y":-9.31112289428711,"z":18.863615036010743},"rotation":{"x":-0.23146741092205048,"y":-0.0003235993499401957,"z":0.000012742566468659788,"w":-0.9735963940620422},"size":13.283721923828125,"orthographic":false}